{"file_hashes":[{"block_hashes":["GJs+Ucd7wEzxaZE/C0ssXeCA3N2w63uzRvVZqmZgNrw="],"block_size":4096,"path":"assets/clear.svg"},{"block_hashes":["sn3ZlrdSmRKZ5bX88c3S8sexl2oOvVvTRKkVriPkeIc="],"block_size":4096,"path":"assets/close.svg"},{"block_hashes":["V/Nlc5F7hkXBoJEukCx9ntp7iZS4sW8nGfgOZOaRnW4=","gfLmRPvwDSbfkMdpXeCAUIK2VvARtgw/XPn8dGxNapk=","gcgyzsVfLE0HPMHHW5KBLdCGfiiyhrFYG4HhmVwbzJE=","7gLFYHsXGMXQ5bUK/vp7RnXtAD/IwdTBAXBulle8FC0=","aI1iVSVRXg/0Reb9UJkaGZ0bllUjQ/xMzQgePVMSf6Q=","o3YHI7XXrBusHdfZysoNjEUScEEB41iQfymFUkcOZIw=","5lzR5/TQ+2v61WrtEPQaqpKYUlRm5qGXmEhYtel+Nzw=","cRfc3rnYuuNPa2FZEVFzduYaecxl2gxcDz4y0TydX3U=","VgiOIzYqDPgUpw7hd8igMTRaPBshhrPoZTYjamsX2vA=","vK0RFuTY7MuDaFTgB1+BngQyo9sZtBYRsjcPn5LoxeM=","aPxNZMgrn6iuRD+Smsc/oP0sEZAPEaa44NGN3yF2N2c=","qP/yTzowbbaukvqtTJg70k2pxVElh2yLqs/MXtWBDfY="],"block_size":4096,"path":"assets/cooltest.svg"},{"block_hashes":["4o7hsIKGPUpw3MRmIzh11K3Och/khn9SZAlmtqB91pw="],"block_size":4096,"path":"assets/draw.png"},{"block_hashes":["YYe2QlBSv99JQe2gYti1tnSPXt088IJy7fgepg98LwE="],"block_size":4096,"path":"assets/dropdown.svg"},{"block_hashes":["ylkqa5KpJJBaUZOX00a7OrJsyaqBYOYxFZ/GHUQCiiA="],"block_size":4096,"path":"assets/eraser.svg"},{"block_hashes":["L1myh0dz20CtqKmX/zPDsVbIY66eJNWJCnxfGTULC9Y="],"block_size":4096,"path":"assets/fallback.png"},{"block_hashes":["NqVRjVBr6BTwjbRe0DVMnigXbhSabEDVrOjYUeUQtm4="],"block_size":4096,"path":"assets/line.svg"},{"block_hashes":["Auy2QKCd2i4C0DG+ReKOjqosHYC8dxxyZCdIrEIAnbY="],"block_size":4096,"path":"assets/more-edit.svg"},{"block_hashes":["lAYShVMNWF1SIBFfqITE9clPrneAsA41pN5lV+Yp0RQ="],"block_size":4096,"path":"assets/pencil.svg"},{"block_hashes":["Avcj7KwMu8Cy+cd29naDhAlSWUH/0bdfagKm3Jh0yxA="],"block_size":4096,"path":"assets/quick.png"},{"block_hashes":["pR1+Zd/b1SZ9foYYLcE0QWmZTIvCV/TomSwoUrIB8ws="],"block_size":4096,"path":"assets/text.svg"},{"block_hashes":["RPWkEVWjG/jYYoT0Svo2MDCtpjlQzyfS5upyPvk1T6E="],"block_size":4096,"path":"assets/thingything.svg"},{"block_hashes":["QZB4X+e/2F6+Bb/Ay/izNxLYnToRB56+t3kAIGMMvA0="],"block_size":4096,"path":"assets/trash.svg"},{"block_hashes":["03EjoNvRk6i54bHdWKvLQT05cijrm+qbV0RaWeNcESs="],"block_size":4096,"path":"assets/zap.svg"},{"block_hashes":["cJ1uKtJ+gRgth4dzm9q6/+DE9a0HGlRA71Lv+aWVoag="],"block_size":4096,"path":"background.js"},{"block_hashes":["1sa1JwyWGTwChJXPOTaARiH7ptiOmCz5jCvhGy9oCZ8=","0jg3pePbpjMPhGwuGqGtDxbYYpgMkcR/VsHeBGFtXSE=","Kv7jt+3cfXrvGF/h/JV5gH0YJDv5vI5dz6c+JZYqenU=","9aVmYn9sCsWWq6gMZYdmByYk6V84sSaTtpdrF8M0NS4=","d+TdX8TTQx8f8NnzyONqB6FwUUVs2ETDyQkV/PfLsRE=","vRzRKutr6wKsjqR4Na8KKBC8aUcRnUiu3dxusw8AvK4="],"block_size":4096,"path":"content.css"},{"block_hashes":["jvEviZnU8C5JHf4emAPFYchC/NU3FYdgttls1t5YMkk=","yEYdsRXEx5mQHLIfOtDZMnvqg4gm7861A93c2dSODIs="],"block_size":4096,"path":"content.html"},{"block_hashes":["jdY43EMQ0klXEsqf+7WpTMPjEqqyVaoxkD6kT983jZA=","pg5qaQyXi3/kqujtcDxzdfNIuBC/5Y7IYmYYKgxmeH4=","ghGWpb1XTXfisXoXi1HEcpsNUMTGzOMbs8pQIlKor3c=","cI7Tf2wdpmwT3IYlwdmdnO5EajegNGd3aKl1McJ0+3Y=","hMUFX6mI3oO1Ug1592ZfTy1dXGVGJ949RIB1/aUpX1Y=","z5EqbH4lxpdedZivzeFcY6A4vn5sbDnEpJhCUHaJDa8=","JLRiGpVsOscj/2i0HzKCwBNreTLIKTp5v4+N9a3NhFU=","QzsYdH1QRzWoWMucYMZ+jkJ/7xxQCVVw6Lp405z5cjY=","i3Jkta6lh8fp4nPzDHtkDck9eV/MxuXOgu3VV81MA2I="],"block_size":4096,"path":"content.js"},{"block_hashes":["ur9dbOaU+80wsNPE3oSUUa67gqVIdqp2b9NZrC9Qjqw=","vFso3VkmcyXep+eSr7fgG6/jRKGEtvT3BkEM/npy4U8=","mYTzC0fXglrUjYOkJx965RYR/E3Rq6o5iTRtNmaDeIA=","9FVGCBS2xrvG0FKlEmNZ/kcUmkRidkGpUIn6ZN0Aw4g=","jVD+Kgj1utLLttcxZ0NczwbjZNZ5AX4S0DzJvbpSVx8=","EQ5WuycRwyG9o4bxY1YzmsPZriy1pSBVIlic05qmv0U=","Eg7VFnR85q6uWSyJK2pgaGfvRYaA81VSgvv/jcVZzss=","1VWaP2S0Vil+cHJflM0l/hmptlNY6KUTRIPvyT4XLx0=","te9XQXi36k4OuQZWDAIMB+inS490n6FIMEygfCTlzUc=","sKyHwsYe3NkN7HGPgto4x0vYANZ8PRe6I2IOn63KK88=","UzyAmmQPQ0/1UDRDgbclmzWWV1vFuZ3Wseu8vw1f8AM=","AePce8tkk7r4ujgW7IeyvvrKsG52LSV9T/ekoOwFP6s=","KLWmyf540crd6zaEaVy9MBAcwKHxEamp9nQ0PyJe/EY=","VOsKe42o9wbC72UJeDhuk/c32JqkwFbg4koQHw1MV48=","OkvEcIQhAz61HOzBieyJUIQpnYBlcNFGMwlDcR1mzSQ=","a1lhzUVvkqzPYn7YlQJqW5HWIHBQNZHbbzjObM5uUW0=","pw+qf6Xq2qK7HvP0pwY54aw32n75b/cgH6SOsDn/zZ4=","+I2dOWhbySlSHdBcZA8MKZ7G72v5Rfh0LvG8cbIh/FA=","WxX8MMq+o/9DIvXzyazuqrXc2U0D4sYrSugwY2jG+xQ=","bO5cGHxqK7da3qPooHY4o/ABzP0myo8rN+Y/UyJKlGU=","OHe9cuONYHprz68cVy3tYf+zxpqUXgJUYvJavZ8zxtw=","8U65kEzVd+wICpCi2q9u2WtJPh1jbTRrFf2FZI6O7bE=","WbgJ4MTsD7xDr2b5KqVwoE3ogN0nm9KhyYQpsJyaUlo=","HHuPe2N+k7f1OnJinKKngOd/y+DkvUWmnW73wCRp9nU=","Zb1Xs15QsRQAD0iX6JlBTFfPPbZlXUOLyp7BLy8zlwU=","eKxxc+FdO4s1x7m/+T4tEm6+0+G6Lx8YKyavP4ui5HA=","sz76AqMEVYwd4fm7GBMqQd7vCsnKLZkGMZ50lAAjQVU=","J4wC2lctLd+dEDUNLIkKlBljzCNApWDzCqtyxdgG9hE=","dLTeV6A60QD/x5/jKtbanKVShyY/kVpac461rWcQZEA=","NJs6nIiyNkusLe2BWGLrvEE541W1YsXgF3tUEk5czc8=","spaHK3sBfyloMehV3qxN7cfIRHi2pchC86UZSHYHuX0=","vJlne3d0lKqeEsdqDpGnbzRSkjDpANZZ7OkYd5cC/KE=","8SySZj33a4MVKeeVreykjTv20uDhUuoaSmlN6ueF8q8=","PljsSfu/BzUh/5QSdxjtd+2tkF1BJ2sib8tPABDB7m8=","n7eYH1G1mZfA37RkkWsbpNO09BiuGsiKMNU5BLv2rxc=","8Jac6dT3JmOt2dp+qx31zj01xNvHczkkVVV2b6R/+Mk=","kU0lXLyKZpWeZmRQQTiT75n/jCexY+K3ZALPbvT6Rgc=","61nyYwhQL0SixN90XnXxmD0zxgYG9F4OtD0nHBlQJ9w=","uEOS0ikkhWqhaOF2JEnZTAdY/GT07rtQuZRbWrQKjZ4=","xYmNG+aSzurdZhYzDtzrKas9DxcLWCzNwzPqx+p+gkg=","5BFJ5fkChTGsEuPGa6yQ65i0z3NdVOi7nBM+kEPGu88=","Q9Xg1r9IIcFpGmZWZoHyn0hKJsCYpy8GAvXbaZ0RBts=","Rq8ErZ0rjUGwv37WqI5M+kxRLRGMLc+8oErjJkrNXmI=","jdEQIFxJshFw0Ipb0j0Lm6dPBqTZJtDhiENu+JOYJNU=","kRvIvS39tv5wsxxjQRoUmzOV3OxWTu1yoOIgmn/n2fw=","MBNtuYaRAA5yBSQmqQSY4f2moW4RM8hkfAHLY+aLI0g=","qsOPe9Kn+2oyH32Uq3rCKGCyVIMOkrVOScPN3LKqAcY=","7jaBcs033EE/jH88v14I1QOq0hAAt/y5vR8gCMW+KKY=","kuZme69x/QMBNP3W9R85/gumw+72nGONK8bWbXHgNLE=","GDTY3zq0KSd+8q6ST+1YEaucFXLhATslzUL9JyXHcsI=","Y3juOJlD1PTRDVKDoJHs221saXMLGYZpThpcJwXbm3A=","HaKP/lWrbOdDC2MIV5F9fL+zTb1kRd6D6HKXgW1p7SE=","UtHPg0/sFIIwClHCUoZmAxXyyeHEz/SxnyAADuBXMFU=","kvO6chmVXcE9F/Cb+ibMsdR5MrQ6xZVk0rGl6S4/tXM=","jTovVAIMb/ntzR8dgQJhmVzXK9KBRnveDt5AXSL7W7A=","TmAr46S6pn4FLeMNsdDg6o6HZPeRZovdO+PLzTii3b0=","BUsuaJoMmd6K/pJu9vfpH6gwkrvfzmjDVcwplQmJL+k=","kn8QK5l5f9czOjhl+lAAmXm/WTLWUA+66/rC5FlVEgs=","z8MHtAHJ2y5axvrdO+T12RXyC6uZR6CRHjbWvV9SqQI=","/u98RapX2Nm+Mbxk7VUMEoVKhL5SWdc/SvbjxP+H4LY=","otHxDLMxFlZ6tinBahZLH8MpOHZOABxI3F730ApbcQs=","YPCpaaMJAFghnXJS5f+oCLTTmKVxdnNVALHU6gENEsI=","libVemcwa7Ga6a/SDiLN6YcLGtQ5ZW1Jr8Mj/hcQdCE=","QhY946pLiSdiqYOuIbSvS0JIwb1syXX8NeOkKjsTLIA=","/OCIbRO7TYwGXYOai+wNSXHaLblg16UYohZpbhoqyZ4=","+ApsU8IQq4qNC1k+AB4j+hbtWm2oEISyR/iz4PJK+sQ=","+XIXi89gx+tAIpL2BPjZY0bYZTW2D8FZj12JaRXVhD0=","FEtaB+r6/TjelXldOcXSDRXKmVgUInfs2spFZDdrQQQ=","l2O40zCiGoDioi+udURhfGoao9e9SRQRl3hcubjpEeM=","yyPrNzwTb2hcANok2Kc0kg0xqNffal9qBFHi0kvFu0A=","x+9yFlcqd8tUickqXUrpM8oucBSES/wHIe4rqdyZYY8=","sHDOpzTV25pnnirh7PJQt2xW1fSgorinWZOzx2kuJzY=","JYMGlrfBjS1AoxowmKYYaL/qsGThqkqgc4JQRKs+dtg=","lp5WhHkLJKGdVScLmb0mhe5uRALfZs2Kdp5A+6rPv8I=","dclYmLkzCEIIVbOBjIA8EaUqey9cJhOZRq5GJt4GReA=","aBWJp21gdSuWK8YLhgwfJR0ySSnSInlISVfUphHW+yA=","Oc/BEnlPvfMFMCL3ZWFfnHsd0PgrFaOgKptvjWGja9U="],"block_size":4096,"path":"fabric.min.js"},{"block_hashes":["otd9VMsiPt7u08Xl+9jD0Bzr8DChjSQrtbDb05JEH1I="],"block_size":4096,"path":"force.js"},{"block_hashes":["25Elfq9Z/cN5DB+C9YVjx85oYaSLCzDdSJG1/hNfBlU=","+6yUb1beUfqRmzSJ9CWql9VzFewXef4Zh0v/NafO+CM=","Jqkl7KrG8xq//D+3xSARjQVgWEi06YOR6we72+8xT00=","fI4FTbwOo0A55uUk4dumHX6jGYNcEGiO7ktfiicpX0E=","ht4BWD8E4veRclZds8LVkHt24mJuzpgxESoF4QIJyZI=","0/K7h+VSLgclrc8TEfc+g8iIYRdkcwDpPs6NF2Vu2fM=","RJd5/7+TEdDSYaUxFfVHvFAQOoQDkrjXw8U9QrDRPjI=","IMiPdDA0k1wtLdrZt6HH0jLF/cgnzaVYguMHIXWV5jo=","brg5whErm5rYvYkQQj4eFk0asECIWWv4r3mvX5LVSYg=","kZUjlXQaSJ/TQvhjCoWfdZdicWY+3DdALxaHgOSlHds=","koFiUoka9luCM1ERDTAR124m5RBlh5QWyVOqZ1M0kAU=","L70MJAQgPdytTNgdVUmjHsQSuYD+Yqn2HYSYqBqyvfM=","Hjd3rPfrmPUX8U0BqjY9UQJrzHH5XQ2tGqL1+8gY4gI=","WqO1AXsQlcOVIBHHn1TtXXK/27qhYJ5YXF/m50JtDfM=","uyaDU7FkQF87HRqIOibXWNbdSYEPLMyXAtiIqaYfbvM=","4vn2zjXkmjSBIaPnzZE64m4gkRGYQvaST2mDrRfMyWM=","sraH+rFpVoFXIsFE5Zj1F5jYbpfROOswcNMg5t2ffuI=","EaBh5KhcQ0L5E2kjZIgOq5wHB6pcoP/li5l2zgtT2wU=","+fuzPwP8VqaIxThxpcvEU0yH2lVHrmarWAgKT3Y2O7o=","5gGYa1UdReeZdEoNWGV2yRuP8gF5k9Vv76+EwTrefeE=","z0ZuvTfLaVWDKvKxwReFFQURSyBN6wVjTgvwtIMcnis=","KhfsPz+CIxBhnP+ZE6MjKJKmNLtKixFk6pHtJlST8ko="],"block_size":4096,"path":"jquery.js"},{"block_hashes":["K914hSS3W4QG6pk3HnXvXej22su8MxsL91XwKfvFkVE=","d1oHqkJaiC6Wr+mRo2LWtybFYBYwsTFFPBmRnZxtAGk=","zY4bNPIxNLePfMMYjZb2MURRzrArWCr4EsdcmD0g74w=","xf6vbv+nVDrbfcfexKc5BTlc81nR16HgRc1Br9GvFCo=","My0jYbFaSuB2jyZWDT9E3lpGHg2m7m8PC7S8p+vZ930=","fI9EmiO7Sywum716+GMq9+xe5eA6dJkTQMMuN37j5I4=","fh7WwNfmmc1v89bIgoygWPaqMajW5b4nO/5xMlHxJB0=","++YjvrlUqeIIPqLBWdJpeosAAFptbIEGpH5uu9H33gQ=","S8h4ahciyEn5B5T/JvLtO039imyme4pm+8PiOSHmgkI=","4mf4ndQKKLy+mNvo7+rMojeV5DjwFf9H90OsCbteI8Y=","OOF5ws4PxIZKKnntcEDoNtgC+7BnOIbbQ7xHzt2B+dQ=","A3ZfVWmUKJj32x8wpdj3WsV/hNwk1ldAOKN4o7RPjBU=","92fYWVL4CvpB69irXloV3n8owpi9p6W9g9oKXg3n71o=","JKRCawg3InMF1QCOltX5I/QgGy7cq72clHgGhCMcq4I=","EFSoAouXadKW1UvGSEzRTzoEb+MdghqUtTmT4K00YlA=","7q27M+pVkJZE8/z/xiC11E7UY63J9zT3J3mzg76wk7I=","Iss9/BWA6g4UDOVODeQ/GNvkwRKdQDjNq5Yly/V927o=","RQo3Qte4OV8nLwcubBYmAGW6ly760elAxJ7QxheCxbo=","YpXPEeCH4jTn0s/1rJd1LTFpW0tvZMAqzS68yDIBdn0=","RqOOd8cH5YiGXDyAiaVM+gXIARSmiU8FvJAohfXOv0E=","4uUSCtZD1vv9nikzd7eK/0jvMIAfk8NzNAE1f8RYF1k=","TZhb2GsvYTmlU3+FdOHeXQWi5/PQIONDOdVg5sTLHVk=","9tOp2zHwx86CUb6jyy7ekSsHahazMh9f9HBmzGHVluU=","BSnz2t+RaexTVpcXcBXjTwgG1FJAGxfVMxoTt3nd0Gc=","hd7REgCmFN9XU7JmVqojiZSEhgUwk/YNbZQLrS7MDYk=","L4fgQbKwNpIvDiipmpPx5QtpqF53Ry36IrbjkdMKQUI=","Z801uv8TZ8/85TxfCdjTaHuBlf+QAuzmUl4Lkjk23+w=","2Ro5PAFKOj++wiDV9kHfAaklEy/oXg0INnfMrlWo/6U=","DpvUMj+lVrXeteRj/0LpufVtpeI/fzbGueAMfW05koI=","Vmvsy1ptObAbentQ2c75RfXFI4jL6irTpxz8OJC92oY=","47RLIHa50hxdE5XF7AEYOUYkBe0Yt6iav7I9jgXcmh0=","l9CMqgqVZajDCWm4S20zmjl9YK0EUVuBDi4glXQlhzk=","F6cHEwQWEN/1DRCfSaDBw5j1rZf38ZI8SmcU0+J68FY=","1ylRx49VrqlXOalEemInNdm93CA0h7gzibAa4qPDnis=","UTq5gvvt+8gTnpwZRwfHs7YhKG8eKwYweFOHKJTVVOQ=","KkyW9pzcLlEHz2ei9oFvGrFReiERqtvjskLnYJ9Vuds=","AwV6lvSsf/nbgjpW2gmD3bfKKUm6CZ9UKUbFWqonxEU=","yOWCBNEU4VbAl6ItchvdspUYn9/3kH77w3b8ySh5t4s="],"block_size":4096,"path":"sval.min.js"}],"version":2}